"","Raf","Mek","Plcg","PIP2","PIP3","Erk","Akt","PKA","PKC","P38","Jnk","INT"
"3001","2","1","1","1","2","1","1","1","2","1","1","2"
"3002","3","1","1","1","3","2","2","1","1","1","1","2"
"3003","3","1","1","1","2","1","2","1","1","1","1","2"
"3004","3","1","1","1","3","2","1","2","2","2","1","2"
"3005","3","1","1","2","3","2","2","2","1","1","1","2"
"3006","3","1","1","1","3","1","2","1","2","1","1","2"
"3007","3","1","1","1","3","1","1","1","2","2","2","2"
"3008","3","1","1","1","2","1","1","1","1","1","1","2"
"3009","2","1","1","1","1","1","2","1","1","1","1","2"
"3010","3","1","1","1","2","1","2","1","1","1","1","2"
"3011","3","1","1","1","2","1","2","2","2","2","1","2"
"3012","3","1","1","1","2","1","1","1","1","1","1","2"
"3013","3","1","1","1","2","1","1","1","2","2","2","2"
"3014","3","1","1","1","1","1","2","2","1","1","1","2"
"3015","3","1","1","1","3","1","2","1","2","2","1","2"
"3016","3","1","1","1","3","2","2","2","1","1","1","2"
"3017","3","1","1","1","1","1","1","1","2","2","2","2"
"3018","3","1","1","1","2","2","2","2","2","1","1","2"
"3019","3","1","1","1","2","1","2","2","1","1","1","2"
"3020","3","1","1","1","2","2","1","2","2","1","1","2"
"3021","3","1","1","1","2","2","2","2","1","1","1","2"
"3022","3","1","1","1","2","2","2","2","2","2","2","2"
"3023","3","1","1","1","1","1","1","1","1","1","1","2"
"3024","3","1","1","1","1","1","1","1","1","1","1","2"
"3025","2","1","1","1","2","1","2","2","1","1","1","2"
"3026","1","1","1","1","2","2","2","2","1","1","1","2"
"3027","3","1","1","1","3","1","1","1","1","1","1","2"
"3028","3","1","1","1","3","1","2","2","1","2","1","2"
"3029","2","1","1","1","3","1","1","1","2","1","1","2"
"3030","3","1","1","1","2","1","2","2","1","1","1","2"
"3031","3","1","1","1","3","1","2","2","1","1","1","2"
"3032","3","1","1","1","3","1","2","2","1","1","1","2"
"3033","3","1","1","1","2","1","2","1","1","1","1","2"
"3034","2","1","1","1","1","1","2","1","2","1","2","2"
"3035","3","1","1","1","2","1","2","2","1","1","1","2"
"3036","3","1","1","1","3","1","1","1","1","1","1","2"
"3037","3","1","1","1","2","1","2","2","1","1","1","2"
"3038","3","1","1","1","2","1","1","1","1","1","1","2"
"3039","2","1","1","1","2","1","2","1","1","1","1","2"
"3040","2","1","1","1","3","1","1","1","1","1","1","2"
"3041","2","1","1","1","1","2","2","1","1","1","1","2"
"3042","3","1","1","1","2","2","2","2","1","1","1","2"
"3043","3","1","1","1","3","1","1","1","2","2","2","2"
"3044","2","1","1","1","1","1","1","1","1","1","1","2"
"3045","3","1","1","1","3","1","1","1","1","1","1","2"
"3046","3","1","1","1","3","1","1","1","2","1","2","2"
"3047","1","1","1","1","2","1","1","1","1","1","1","2"
"3048","3","1","1","1","1","1","1","1","1","1","1","2"
"3049","2","1","1","1","2","2","2","2","1","1","1","2"
"3050","3","1","1","1","2","1","1","1","2","1","1","2"
"3051","3","1","1","1","3","2","2","3","2","1","1","2"
"3052","3","1","1","1","3","1","2","1","1","1","1","2"
"3053","3","1","1","1","2","1","1","1","1","1","2","2"
"3054","3","1","1","1","3","1","1","1","1","2","1","2"
"3055","3","1","1","1","1","2","2","2","1","1","1","2"
"3056","3","1","2","1","3","1","1","2","1","1","1","2"
"3057","2","1","1","1","1","1","2","2","2","1","2","2"
"3058","3","1","1","1","2","1","2","2","1","1","1","2"
"3059","1","1","1","1","2","2","2","2","2","2","2","2"
"3060","1","1","1","1","2","1","1","1","1","1","1","2"
"3061","3","1","1","1","2","2","2","2","2","1","1","2"
"3062","3","1","1","1","3","1","2","2","1","1","1","2"
"3063","3","1","2","1","3","1","2","1","1","1","1","2"
"3064","3","1","1","1","2","1","1","1","2","2","1","2"
"3065","3","1","1","1","1","2","1","1","2","2","1","2"
"3066","2","1","1","1","1","1","1","1","1","1","1","2"
"3067","3","1","2","1","2","1","2","1","2","1","2","2"
"3068","2","1","1","1","2","1","2","2","2","1","1","2"
"3069","3","1","1","1","2","1","1","1","1","1","1","2"
"3070","2","1","1","1","3","2","2","2","1","1","1","2"
"3071","2","1","1","1","3","1","1","1","2","2","2","2"
"3072","3","1","1","1","2","1","1","1","1","1","1","2"
"3073","3","1","1","1","1","1","2","2","1","1","1","2"
"3074","3","1","1","1","2","2","2","2","2","2","2","2"
"3075","3","1","1","1","2","1","1","1","1","1","1","2"
"3076","3","1","1","1","1","1","1","1","1","1","1","2"
"3077","3","1","1","1","3","2","2","2","1","1","1","2"
"3078","3","1","1","1","2","1","2","2","1","1","1","2"
"3079","3","1","1","1","3","1","2","2","1","1","1","2"
"3080","3","1","1","1","3","2","2","2","2","1","1","2"
"3081","3","1","1","1","2","2","2","2","1","1","2","2"
"3082","3","1","2","1","2","2","2","2","2","1","2","2"
"3083","2","1","1","1","2","1","2","2","1","1","1","2"
"3084","2","1","2","1","3","1","2","1","2","2","1","2"
"3085","3","1","1","1","3","1","2","2","1","1","1","2"
"3086","3","1","1","1","3","2","2","2","1","1","1","2"
"3087","3","1","1","1","2","1","1","1","1","1","1","2"
"3088","3","1","1","1","2","1","2","2","2","1","2","2"
"3089","3","1","1","1","3","2","2","2","1","1","1","2"
"3090","3","1","1","1","3","2","2","2","2","1","1","2"
"3091","2","1","1","1","2","1","2","1","2","1","1","2"
"3092","3","1","1","1","1","2","2","2","1","2","1","2"
"3093","1","1","1","1","2","1","2","2","2","2","2","2"
"3094","2","1","1","1","3","1","2","1","2","2","2","2"
"3095","1","1","1","1","3","1","2","1","1","2","1","2"
"3096","3","1","1","1","3","1","2","1","1","1","1","2"
"3097","1","1","1","1","3","1","2","2","1","1","1","2"
"3098","3","1","1","1","1","2","2","2","2","1","1","2"
"3099","3","1","1","1","1","2","2","3","1","1","1","2"
"3100","2","1","1","1","2","1","1","1","1","1","1","2"
"3101","3","1","1","1","2","1","1","1","2","2","2","2"
"3102","3","1","1","1","2","2","1","2","2","2","1","2"
"3103","3","1","1","1","3","2","2","2","1","1","1","2"
"3104","3","1","1","1","3","1","1","1","1","1","1","2"
"3105","3","1","1","1","2","1","1","1","1","1","1","2"
"3106","1","1","1","1","2","1","2","2","1","2","1","2"
"3107","1","1","1","1","3","2","2","2","1","1","1","2"
"3108","3","1","1","1","3","1","2","2","1","1","1","2"
"3109","1","1","1","1","2","1","1","1","1","2","1","2"
"3110","1","1","1","1","2","1","1","1","1","1","1","2"
"3111","3","1","1","1","2","1","1","1","2","1","1","2"
"3112","3","1","1","1","3","1","1","1","2","2","2","2"
"3113","3","1","1","1","3","2","2","2","2","1","2","2"
"3114","3","1","1","1","3","1","1","1","1","1","1","2"
"3115","3","1","1","1","3","1","1","1","2","2","2","2"
"3116","3","1","1","1","2","1","2","1","1","1","2","2"
"3117","3","1","1","1","3","1","2","2","2","2","2","2"
"3118","2","1","1","1","3","1","2","2","2","2","2","2"
"3119","2","1","1","1","3","2","1","2","2","1","1","2"
"3120","3","1","1","1","2","2","2","2","1","1","1","2"
"3121","3","1","1","1","1","1","1","1","1","1","1","2"
"3122","3","1","1","1","3","1","1","1","1","1","2","2"
"3123","3","1","1","1","3","2","2","2","1","1","1","2"
"3124","3","1","1","1","2","1","1","1","1","1","1","2"
"3125","2","1","1","1","3","1","2","1","1","1","1","2"
"3126","3","1","1","1","3","2","2","2","1","1","1","2"
"3127","3","1","1","1","1","1","1","1","1","1","1","2"
"3128","3","1","1","1","2","2","2","2","1","1","1","2"
"3129","3","1","2","1","2","1","2","2","1","1","1","2"
"3130","3","1","1","1","2","1","2","1","2","1","1","2"
"3131","3","1","1","1","2","1","2","1","1","1","1","2"
"3132","3","1","1","1","1","2","2","2","1","1","1","2"
"3133","3","1","1","1","2","1","2","1","1","1","1","2"
"3134","1","1","1","1","2","2","2","2","1","2","1","2"
"3135","3","1","2","2","3","1","2","2","1","1","1","2"
"3136","2","1","1","1","2","1","2","2","1","1","1","2"
"3137","3","1","1","1","3","2","2","2","1","1","2","2"
"3138","3","1","1","1","3","1","1","2","1","1","1","2"
"3139","3","1","1","1","3","1","2","1","1","1","1","2"
"3140","3","1","1","1","1","1","2","2","1","1","1","2"
"3141","3","1","1","1","2","1","1","2","1","1","1","2"
"3142","3","1","2","1","2","2","2","2","1","1","1","2"
"3143","3","1","1","1","3","2","2","2","1","2","2","2"
"3144","3","1","1","1","2","1","1","1","1","1","1","2"
"3145","3","1","1","1","2","2","2","2","1","2","1","2"
"3146","2","1","1","1","3","2","2","2","1","1","2","2"
"3147","1","1","1","1","2","1","2","2","1","1","1","2"
"3148","3","1","1","1","3","1","1","1","2","2","2","2"
"3149","2","1","1","1","1","1","2","1","1","1","1","2"
"3150","3","1","1","1","1","2","2","1","1","1","1","2"
"3151","3","1","1","1","2","1","2","1","2","2","2","2"
"3152","3","1","1","1","2","1","2","1","1","1","1","2"
"3153","2","1","1","1","2","1","1","1","1","1","1","2"
"3154","3","1","1","1","1","1","1","1","1","1","1","2"
"3155","3","1","1","1","1","2","2","2","1","1","1","2"
"3156","2","1","1","1","2","2","2","2","2","2","2","2"
"3157","2","1","1","1","1","1","2","2","1","1","2","2"
"3158","3","1","1","1","2","2","2","2","2","2","1","2"
"3159","3","1","1","1","2","2","2","2","1","2","1","2"
"3160","3","1","2","1","2","1","2","2","1","1","1","2"
"3161","3","1","1","1","3","1","1","1","1","1","1","2"
"3162","3","1","1","1","2","1","2","2","2","1","1","2"
"3163","3","1","1","1","3","1","2","2","1","1","1","2"
"3164","2","1","1","1","2","1","1","1","1","1","1","2"
"3165","3","1","1","1","1","1","2","2","2","1","1","2"
"3166","3","1","1","1","2","1","2","2","1","1","1","2"
"3167","1","1","1","1","2","1","1","1","1","1","1","2"
"3168","3","1","1","1","3","2","2","2","2","2","2","2"
"3169","3","1","1","1","2","1","1","1","1","1","1","2"
"3170","2","1","1","1","3","1","2","1","1","1","1","2"
"3171","3","1","1","1","2","1","1","1","1","1","1","2"
"3172","1","1","1","1","2","1","2","2","2","2","1","2"
"3173","2","1","1","1","2","2","2","2","1","1","1","2"
"3174","3","1","1","1","3","2","2","2","1","1","1","2"
"3175","3","1","1","1","3","2","2","2","1","1","1","2"
"3176","2","1","1","1","3","1","1","1","1","1","1","2"
"3177","3","1","1","1","2","2","2","2","1","1","1","2"
"3178","1","1","1","1","2","1","1","1","1","1","1","2"
"3179","3","1","1","2","3","1","2","2","2","1","1","2"
"3180","3","1","1","1","2","1","1","1","1","1","1","2"
"3181","3","1","1","1","3","1","1","1","2","1","1","2"
"3182","3","1","1","1","3","2","3","2","1","1","1","2"
"3183","3","1","2","1","2","1","1","1","1","1","1","2"
"3184","3","1","1","1","2","1","1","1","2","1","1","2"
"3185","2","1","1","1","3","1","1","1","1","2","1","2"
"3186","2","1","1","1","3","1","2","2","1","1","1","2"
"3187","3","1","1","1","2","1","2","1","2","2","1","2"
"3188","3","1","1","1","3","2","2","2","1","2","1","2"
"3189","3","1","1","1","1","1","1","1","1","2","1","2"
"3190","3","1","1","1","2","1","1","1","1","1","1","2"
"3191","2","1","1","1","1","1","2","2","1","1","1","2"
"3192","2","1","1","2","3","2","2","2","2","1","1","2"
"3193","3","1","1","1","2","2","2","2","1","1","1","2"
"3194","3","1","1","2","2","2","2","2","1","1","1","2"
"3195","3","1","1","1","3","2","1","1","1","1","1","2"
"3196","3","1","1","1","2","1","2","2","1","1","1","2"
"3197","1","1","1","1","3","1","2","1","1","1","1","2"
"3198","2","1","1","1","2","1","1","1","1","1","1","2"
"3199","3","1","2","1","2","2","2","2","1","1","1","2"
"3200","3","1","1","1","2","1","2","1","1","2","2","2"
"3201","3","1","1","1","2","1","2","2","1","1","1","2"
"3202","3","1","1","1","2","1","1","1","1","1","1","2"
"3203","3","1","1","1","3","1","1","1","1","1","2","2"
"3204","2","1","1","1","1","1","2","1","1","2","1","2"
"3205","3","1","1","1","3","1","2","2","1","1","1","2"
"3206","3","1","1","1","3","2","2","2","1","1","1","2"
"3207","3","1","1","1","1","2","2","2","1","1","1","2"
"3208","3","1","1","1","2","1","1","2","1","1","1","2"
"3209","3","1","1","1","1","1","1","1","1","1","1","2"
"3210","2","1","1","1","3","1","2","2","2","1","1","2"
"3211","2","1","1","1","2","1","2","1","1","1","1","2"
"3212","1","1","1","1","3","1","2","2","1","1","1","2"
"3213","3","1","1","1","3","2","2","2","2","1","1","2"
"3214","3","1","1","1","3","1","1","1","1","1","1","2"
"3215","3","1","1","1","2","1","2","2","1","1","1","2"
"3216","2","1","1","1","3","1","1","1","1","1","1","2"
"3217","3","1","1","1","3","2","2","2","2","2","2","2"
"3218","2","1","1","1","2","1","1","1","1","1","1","2"
"3219","3","1","1","1","2","1","1","1","1","1","1","2"
"3220","3","1","1","1","1","1","1","1","1","1","1","2"
"3221","3","1","1","1","3","1","1","1","1","1","1","2"
"3222","3","1","1","1","3","2","2","2","1","1","1","2"
"3223","3","1","1","1","3","1","2","2","1","1","1","2"
"3224","3","1","1","1","2","1","2","2","1","1","1","2"
"3225","3","1","1","1","2","2","1","2","1","1","1","2"
"3226","3","1","1","1","2","1","2","2","1","1","1","2"
"3227","3","1","1","1","1","1","2","1","1","2","2","2"
"3228","3","1","1","1","2","1","1","1","2","1","1","2"
"3229","2","1","1","1","3","1","2","1","1","1","1","2"
"3230","3","1","1","1","3","1","2","1","1","1","1","2"
"3231","3","1","1","1","1","2","2","2","2","2","1","2"
"3232","1","1","1","1","2","1","2","2","1","1","1","2"
"3233","3","1","1","1","2","2","2","2","1","1","1","2"
"3234","3","1","1","1","2","1","1","2","2","1","1","2"
"3235","2","1","1","1","3","1","2","1","1","1","1","2"
"3236","3","1","1","1","3","1","2","1","2","2","2","2"
"3237","3","1","1","1","2","2","1","2","1","1","1","2"
"3238","3","1","1","1","1","1","2","2","1","1","2","2"
"3239","3","1","1","1","1","1","2","2","1","1","1","2"
"3240","3","1","1","1","2","1","2","1","1","1","2","2"
"3241","3","1","1","1","1","1","2","1","1","1","1","2"
"3242","3","1","1","1","2","1","1","1","2","2","2","2"
"3243","1","1","1","1","3","1","2","1","1","1","1","2"
"3244","3","1","1","1","2","1","2","2","1","1","1","2"
"3245","3","1","1","1","3","1","2","1","1","1","1","2"
"3246","3","1","1","1","2","1","1","1","1","1","1","2"
"3247","3","1","1","1","2","1","2","1","1","1","1","2"
"3248","1","1","1","1","1","2","2","2","1","1","1","2"
"3249","3","1","1","1","2","1","2","1","1","1","2","2"
"3250","2","1","1","1","3","1","2","2","1","1","2","2"
"3251","3","1","1","1","3","1","2","1","1","1","1","2"
"3252","2","1","1","1","3","1","1","2","1","2","1","2"
"3253","3","1","1","1","2","1","1","1","1","1","1","2"
"3254","3","1","1","1","2","2","2","2","1","1","1","2"
"3255","2","1","1","1","2","1","1","1","1","1","1","2"
"3256","3","1","1","1","1","1","2","1","2","2","1","2"
"3257","3","1","1","1","1","1","2","2","1","1","2","2"
"3258","3","1","1","1","2","2","2","2","1","1","1","2"
"3259","3","1","2","1","2","1","1","1","1","1","1","2"
"3260","3","1","1","1","2","2","2","2","1","1","1","2"
"3261","2","1","2","1","3","1","1","1","1","1","1","2"
"3262","3","1","1","1","3","1","2","2","1","1","1","2"
"3263","3","1","1","1","3","1","2","1","1","1","1","2"
"3264","3","1","1","1","2","2","2","2","2","1","1","2"
"3265","3","1","1","1","1","2","2","2","1","2","1","2"
"3266","3","1","1","1","3","1","2","1","1","1","1","2"
"3267","3","1","1","1","2","1","1","1","1","1","1","2"
"3268","2","1","2","1","3","2","2","2","1","1","1","2"
"3269","3","1","1","1","1","1","2","1","1","1","1","2"
"3270","2","1","1","1","2","2","2","2","1","1","1","2"
"3271","3","1","1","1","1","2","2","2","1","1","1","2"
"3272","3","1","1","1","2","1","2","2","2","1","2","2"
"3273","3","1","1","1","1","2","2","2","1","1","1","2"
"3274","3","1","1","1","2","1","1","1","1","1","1","2"
"3275","3","1","1","1","2","2","2","2","2","1","1","2"
"3276","2","1","1","1","2","1","1","1","1","1","1","2"
"3277","3","1","1","1","3","2","2","1","1","2","1","2"
"3278","1","1","1","1","2","1","1","1","1","1","1","2"
"3279","3","1","1","1","3","2","2","2","1","1","1","2"
"3280","3","1","2","1","3","2","2","2","1","1","1","2"
"3281","2","1","1","1","2","1","2","1","1","2","1","2"
"3282","3","1","1","1","1","1","1","1","1","1","1","2"
"3283","3","1","1","1","3","1","1","2","1","1","1","2"
"3284","3","1","1","1","3","2","2","2","1","1","1","2"
"3285","3","1","1","1","2","1","2","1","1","1","1","2"
"3286","2","1","1","1","1","1","2","1","1","1","1","2"
"3287","3","1","1","1","3","1","2","1","1","1","1","2"
"3288","3","1","1","1","1","1","1","1","1","1","1","2"
"3289","3","1","1","1","1","1","2","1","1","1","1","2"
"3290","3","1","1","1","2","1","2","2","1","1","1","2"
"3291","2","1","1","1","3","1","2","1","1","1","1","2"
"3292","3","1","1","1","2","1","2","1","1","1","1","2"
"3293","3","1","1","1","1","1","1","1","1","1","1","2"
"3294","2","1","1","1","1","1","1","1","1","1","1","2"
"3295","3","1","2","1","3","1","2","1","1","1","1","2"
"3296","1","1","1","2","3","2","2","2","1","1","1","2"
"3297","3","1","1","1","2","1","2","2","1","1","1","2"
"3298","3","1","1","1","2","1","2","2","1","1","1","2"
"3299","3","1","1","1","2","1","1","1","1","1","1","2"
"3300","3","1","2","2","3","1","1","1","1","1","1","2"
"3301","3","1","1","1","2","2","2","2","1","1","1","2"
"3302","3","1","1","1","3","1","2","1","1","1","1","2"
"3303","2","1","1","1","2","1","2","2","1","1","1","2"
"3304","3","1","1","1","3","1","2","2","1","1","1","2"
"3305","3","1","1","2","3","2","2","2","1","1","1","2"
"3306","3","1","1","1","1","1","1","1","1","1","1","2"
"3307","3","1","1","1","3","2","2","2","1","1","1","2"
"3308","3","1","1","1","2","2","2","2","2","1","2","2"
"3309","2","1","1","1","2","2","2","2","1","1","1","2"
"3310","3","1","1","1","1","1","1","1","1","1","1","2"
"3311","3","1","2","1","3","1","1","1","1","1","1","2"
"3312","3","1","1","1","1","2","2","2","1","2","1","2"
"3313","1","1","1","1","3","1","2","1","1","1","1","2"
"3314","1","1","1","1","3","1","2","2","2","2","2","2"
"3315","1","1","1","1","3","2","2","2","1","1","1","2"
"3316","2","1","1","1","2","1","2","2","1","1","1","2"
"3317","3","1","1","1","2","1","2","1","1","2","1","2"
"3318","3","1","1","1","2","2","2","2","1","1","1","2"
"3319","3","1","1","1","3","1","1","1","1","1","1","2"
"3320","3","1","1","1","3","1","2","2","1","1","1","2"
"3321","2","1","2","2","3","1","2","2","1","1","2","2"
"3322","3","1","1","1","2","1","1","2","1","1","1","2"
"3323","3","1","1","1","1","1","1","1","1","1","1","2"
"3324","1","1","1","1","3","1","2","2","2","2","2","2"
"3325","3","1","1","1","2","2","2","2","1","1","1","2"
"3326","2","1","1","1","2","1","2","1","1","1","1","2"
"3327","3","1","2","1","3","1","2","2","1","1","1","2"
"3328","2","1","1","1","3","2","1","2","1","2","2","2"
"3329","3","1","1","1","2","1","1","1","2","1","1","2"
"3330","3","1","1","1","1","2","2","2","1","1","1","2"
"3331","1","1","1","1","3","2","2","2","2","1","1","2"
"3332","3","1","2","1","1","1","2","1","1","1","1","2"
"3333","1","1","1","1","3","1","2","2","2","1","1","2"
"3334","2","1","1","1","3","1","1","1","1","1","1","2"
"3335","3","1","1","1","3","1","2","1","1","1","1","2"
"3336","3","1","1","1","3","2","2","3","1","1","1","2"
"3337","3","1","1","1","2","2","2","2","1","1","1","2"
"3338","2","1","1","1","2","1","2","2","1","1","1","2"
"3339","1","1","1","2","3","2","2","2","1","2","1","2"
"3340","3","1","1","2","3","1","1","1","2","2","2","2"
"3341","2","1","1","1","2","1","1","1","1","2","1","2"
"3342","3","1","1","1","2","1","2","2","1","2","1","2"
"3343","3","1","1","1","3","2","1","1","1","1","1","2"
"3344","3","1","1","1","3","2","2","2","1","1","1","2"
"3345","3","1","1","1","2","1","2","2","1","1","1","2"
"3346","3","1","1","1","2","1","2","1","2","1","2","2"
"3347","3","1","1","1","3","1","2","2","1","1","1","2"
"3348","3","1","1","1","3","2","2","2","1","1","1","2"
"3349","3","1","1","1","2","1","1","1","1","1","1","2"
"3350","3","1","1","1","1","1","2","1","1","2","1","2"
"3351","1","1","1","1","1","1","1","1","1","1","1","2"
"3352","3","1","1","1","3","1","1","1","1","1","1","2"
"3353","3","1","1","1","3","1","2","2","1","1","1","2"
"3354","3","1","1","2","3","1","1","1","1","1","1","2"
"3355","3","1","1","1","3","1","2","1","1","2","2","2"
"3356","3","1","1","1","1","2","2","2","1","1","1","2"
"3357","3","1","1","1","3","2","2","2","2","1","2","2"
"3358","2","1","1","1","3","1","1","1","1","1","1","2"
"3359","3","1","1","1","3","2","2","2","1","1","1","2"
"3360","3","1","1","1","2","1","1","1","1","1","1","2"
"3361","3","1","2","1","3","2","2","2","1","1","1","2"
"3362","3","1","1","1","3","1","2","1","1","1","1","2"
"3363","2","1","1","1","3","2","2","2","1","1","1","2"
"3364","3","1","2","1","2","1","1","1","2","1","2","2"
"3365","3","1","1","1","3","1","2","2","1","1","2","2"
"3366","3","1","1","1","2","2","2","1","1","1","2","2"
"3367","3","1","1","1","2","1","1","1","1","1","1","2"
"3368","2","1","1","1","2","2","2","2","1","1","1","2"
"3369","3","1","1","1","2","1","1","1","2","2","2","2"
"3370","3","1","1","1","3","1","2","1","1","1","1","2"
"3371","3","1","2","1","2","1","2","2","2","1","1","2"
"3372","1","1","1","1","1","2","2","2","1","1","1","2"
"3373","3","1","1","1","2","2","2","2","1","1","1","2"
"3374","2","1","1","1","1","1","1","1","1","1","1","2"
"3375","3","1","1","1","3","1","2","2","1","1","1","2"
"3376","2","1","1","1","2","2","2","2","1","1","1","2"
"3377","3","1","1","1","2","1","2","2","1","1","1","2"
"3378","3","1","1","1","1","1","1","1","1","1","1","2"
"3379","2","1","1","1","2","1","1","1","1","1","1","2"
"3380","2","1","1","2","3","1","2","1","1","1","1","2"
"3381","3","1","1","1","2","1","2","1","1","1","1","2"
"3382","1","1","1","1","2","1","2","1","1","1","1","2"
"3383","3","1","1","1","2","1","2","1","1","2","1","2"
"3384","3","1","1","1","3","1","1","1","1","1","1","2"
"3385","3","1","2","1","2","1","2","2","1","1","1","2"
"3386","3","1","1","1","1","2","2","2","1","1","1","2"
"3387","3","1","1","1","3","1","2","2","1","1","1","2"
"3388","3","1","1","1","3","1","2","2","1","1","1","2"
"3389","3","1","1","1","3","1","2","2","1","1","1","2"
"3390","3","1","1","1","2","1","2","1","1","1","1","2"
"3391","3","1","1","1","3","1","2","1","1","1","1","2"
"3392","3","1","1","1","2","1","2","1","1","1","1","2"
"3393","3","1","1","1","3","1","2","1","1","1","1","2"
"3394","3","1","1","1","3","1","1","1","1","1","1","2"
"3395","3","1","2","1","2","1","1","1","2","2","2","2"
"3396","3","1","1","2","3","2","2","2","1","1","2","2"
"3397","3","1","1","1","2","2","1","1","1","1","1","2"
"3398","3","1","1","1","2","2","2","2","1","1","1","2"
"3399","3","1","1","1","3","2","2","2","1","1","1","2"
"3400","1","1","1","1","2","1","1","1","1","1","1","2"
"3401","3","1","1","1","1","1","1","1","1","1","1","2"
"3402","3","1","2","1","2","1","2","1","1","1","1","2"
"3403","3","1","1","1","3","2","2","2","2","1","1","2"
"3404","3","1","1","1","2","2","2","2","1","1","1","2"
"3405","3","1","2","1","3","2","2","2","2","2","2","2"
"3406","3","1","1","1","2","1","2","1","1","1","1","2"
"3407","3","1","1","1","3","1","2","2","1","1","1","2"
"3408","3","1","1","1","3","1","1","1","2","1","1","2"
"3409","3","1","1","1","2","1","1","1","1","1","1","2"
"3410","3","1","1","1","1","1","1","1","2","2","2","2"
"3411","3","1","1","1","2","1","2","2","1","1","1","2"
"3412","3","1","1","1","2","1","2","1","1","1","1","2"
"3413","3","1","2","1","3","1","2","2","1","1","1","2"
"3414","3","1","1","1","2","1","1","1","2","2","2","2"
"3415","3","1","1","1","2","1","2","2","1","1","1","2"
"3416","2","1","1","1","3","1","2","2","1","1","1","2"
"3417","3","1","1","1","2","2","2","1","1","1","1","2"
"3418","3","1","1","1","2","1","1","1","1","1","1","2"
"3419","2","1","1","1","3","2","2","2","2","2","2","2"
"3420","3","1","1","1","3","1","2","2","1","1","1","2"
"3421","3","1","1","1","1","1","1","1","1","1","1","2"
"3422","3","1","1","1","3","1","2","2","1","1","1","2"
"3423","3","1","1","1","3","1","2","1","1","1","1","2"
"3424","3","1","1","1","2","1","2","2","1","2","1","2"
"3425","3","1","1","1","2","2","2","2","1","1","1","2"
"3426","3","1","1","1","1","1","2","2","1","1","1","2"
"3427","3","1","1","1","2","1","2","2","1","1","1","2"
"3428","3","1","2","1","2","1","1","1","1","2","1","2"
"3429","3","1","1","1","2","2","2","2","1","1","1","2"
"3430","3","1","1","1","3","1","2","2","1","1","1","2"
"3431","2","1","1","1","2","2","2","2","1","2","1","2"
"3432","1","1","1","1","3","1","1","1","1","2","1","2"
"3433","1","1","1","1","2","2","2","2","1","1","1","2"
"3434","3","1","1","1","3","1","1","1","2","2","1","2"
"3435","3","1","1","1","2","1","2","2","1","1","1","2"
"3436","3","1","1","1","3","1","1","2","1","1","1","2"
"3437","2","1","1","1","3","1","1","1","1","1","1","2"
"3438","3","1","1","1","1","2","2","2","1","1","1","2"
"3439","3","1","1","1","2","1","1","1","1","1","2","2"
"3440","3","1","1","1","2","2","2","3","1","1","1","2"
"3441","3","1","1","1","2","1","1","1","1","1","2","2"
"3442","3","1","1","1","2","2","2","2","1","2","1","2"
"3443","3","1","1","1","3","1","1","1","1","1","1","2"
"3444","3","1","1","1","2","2","2","2","1","1","1","2"
"3445","3","1","1","1","2","1","1","1","1","1","1","2"
"3446","3","1","2","1","1","1","2","2","1","1","1","2"
"3447","2","1","1","1","1","1","1","1","1","1","1","2"
"3448","3","1","2","1","2","2","2","3","1","1","1","2"
"3449","3","1","1","1","1","1","2","1","1","1","1","2"
"3450","3","1","1","1","2","2","2","2","1","1","1","2"
"3451","3","1","1","1","1","2","2","2","1","1","1","2"
"3452","1","1","1","1","2","2","1","1","1","1","1","2"
"3453","3","1","1","1","1","1","1","1","1","1","1","2"
"3454","3","1","1","1","1","1","1","1","1","1","1","2"
"3455","1","1","1","1","3","1","2","2","1","1","1","2"
"3456","3","1","1","1","2","2","2","2","1","1","1","2"
"3457","3","1","1","1","1","1","1","1","1","1","1","2"
"3458","3","1","1","1","2","1","2","1","1","1","1","2"
"3459","3","1","1","1","3","1","1","1","1","1","1","2"
"3460","3","1","1","1","1","1","2","2","2","1","1","2"
"3461","1","1","1","1","3","1","2","1","2","1","2","2"
"3462","3","1","1","1","2","1","2","2","1","1","1","2"
"3463","3","1","1","1","1","1","2","2","1","1","1","2"
"3464","1","1","2","1","1","2","2","2","2","1","1","2"
"3465","3","1","1","1","3","2","2","2","1","1","1","2"
"3466","3","1","1","1","2","1","2","1","1","1","1","2"
"3467","3","1","1","1","3","1","2","1","1","1","1","2"
"3468","3","1","1","1","2","1","1","1","1","1","1","2"
"3469","3","1","1","1","2","1","1","1","1","1","1","2"
"3470","2","1","1","1","2","1","2","1","1","1","1","2"
"3471","3","1","1","1","2","1","2","1","2","2","1","2"
"3472","2","1","1","1","2","1","1","2","1","1","1","2"
"3473","3","1","2","1","2","1","2","1","1","1","1","2"
"3474","2","1","2","1","1","1","2","1","1","1","1","2"
"3475","3","1","1","1","2","1","2","2","2","2","2","2"
"3476","3","1","1","1","3","1","2","1","1","1","1","2"
"3477","2","1","1","1","3","1","1","1","1","1","1","2"
"3478","3","1","1","1","1","1","2","1","1","1","1","2"
"3479","3","1","1","1","2","1","2","2","1","1","1","2"
"3480","3","1","1","1","2","1","1","1","1","1","1","2"
"3481","3","1","1","1","2","2","2","2","1","1","1","2"
"3482","3","1","1","1","2","2","2","2","1","1","1","2"
"3483","3","1","1","1","2","2","2","2","1","1","1","2"
"3484","2","1","1","1","2","2","1","1","1","1","1","2"
"3485","1","1","1","1","3","1","2","1","1","1","1","2"
"3486","3","1","1","1","1","1","1","1","1","1","1","2"
"3487","3","1","2","1","1","2","2","2","1","1","1","2"
"3488","2","1","1","1","2","1","1","2","1","1","1","2"
"3489","3","1","1","1","1","2","2","2","1","1","1","2"
"3490","3","1","1","1","2","1","1","1","2","2","2","2"
"3491","3","1","1","1","3","1","2","2","1","1","1","2"
"3492","2","1","1","1","3","1","2","2","2","1","1","2"
"3493","3","1","1","1","2","1","1","1","1","1","1","2"
"3494","2","1","1","1","1","1","1","1","1","1","1","2"
"3495","1","1","1","1","3","2","2","3","1","1","1","2"
"3496","3","1","1","1","3","1","2","2","1","1","1","2"
"3497","1","1","1","1","3","1","2","1","1","1","1","2"
"3498","3","1","2","1","2","1","1","1","2","2","1","2"
"3499","2","1","1","1","2","1","1","1","1","1","1","2"
"3500","3","1","1","1","1","2","1","1","1","1","1","2"
"3501","3","1","1","1","1","1","2","1","1","1","1","2"
"3502","2","1","1","1","2","1","2","2","2","2","1","2"
"3503","1","1","1","2","3","1","2","1","1","2","1","2"
"3504","3","1","1","1","2","1","2","1","1","1","1","2"
"3505","3","1","1","1","3","1","1","1","1","1","1","2"
"3506","3","1","1","1","3","1","2","1","1","1","1","2"
"3507","3","1","1","1","2","1","2","2","1","1","1","2"
"3508","1","1","2","1","3","2","2","2","1","1","1","2"
"3509","3","1","1","1","2","1","1","1","1","1","1","2"
"3510","3","1","1","1","2","1","1","1","1","1","1","2"
"3511","2","1","1","1","3","1","2","2","1","1","1","2"
"3512","3","1","1","1","2","1","1","1","1","1","1","2"
"3513","3","1","1","1","2","1","1","1","1","1","1","2"
"3514","3","1","1","2","3","1","2","1","2","1","2","2"
"3515","3","1","1","1","2","1","1","1","1","1","1","2"
"3516","1","1","1","1","3","1","2","2","1","1","1","2"
"3517","3","1","1","1","2","1","1","1","1","1","1","2"
"3518","3","1","2","2","3","1","2","2","1","1","1","2"
"3519","2","1","1","1","3","1","1","1","2","2","1","2"
"3520","3","1","2","1","2","2","1","1","1","1","1","2"
"3521","1","1","1","1","1","1","1","2","1","1","2","2"
"3522","3","1","1","1","3","1","2","1","1","1","1","2"
"3523","3","1","1","1","3","2","2","2","1","1","1","2"
"3524","3","1","1","1","2","1","2","1","1","1","1","2"
"3525","2","1","1","1","3","1","2","2","2","1","1","2"
"3526","3","1","1","1","2","2","2","2","1","1","1","2"
"3527","3","1","1","1","2","2","1","1","1","1","1","2"
"3528","2","1","1","1","3","1","2","2","1","1","1","2"
"3529","3","1","1","1","2","1","1","1","1","1","1","2"
"3530","3","1","1","1","2","1","2","2","1","1","1","2"
"3531","3","1","1","1","2","1","1","1","1","1","1","2"
"3532","3","1","1","1","1","1","1","1","1","1","1","2"
"3533","3","1","1","1","2","2","2","2","1","1","1","2"
"3534","3","1","1","1","3","2","2","2","1","1","1","2"
"3535","3","1","1","1","3","1","2","1","1","1","1","2"
"3536","3","1","1","2","3","1","1","1","1","1","1","2"
"3537","3","1","1","1","2","1","1","1","1","1","1","2"
"3538","3","1","1","1","2","1","2","2","1","1","1","2"
"3539","3","1","1","1","3","1","2","1","1","1","1","2"
"3540","3","1","1","1","2","1","2","2","1","2","1","2"
"3541","3","1","1","1","1","1","2","1","1","1","1","2"
"3542","3","1","1","1","1","2","2","2","1","1","1","2"
"3543","2","1","1","1","2","2","2","2","1","1","1","2"
"3544","3","1","1","1","2","1","2","1","1","1","1","2"
"3545","3","1","1","1","2","1","2","2","1","1","1","2"
"3546","3","1","1","1","2","1","2","1","1","1","1","2"
"3547","3","1","1","1","3","1","2","1","1","1","1","2"
"3548","3","1","1","1","3","2","2","2","1","1","1","2"
"3549","3","1","1","1","2","1","2","2","2","1","2","2"
"3550","3","1","1","1","1","2","2","2","1","1","1","2"
"3551","3","1","1","1","2","2","2","2","1","1","1","2"
"3552","3","1","1","1","3","1","2","2","1","1","1","2"
"3553","3","1","1","1","1","1","1","1","2","1","2","2"
"3554","3","1","2","1","1","1","1","1","1","1","1","2"
"3555","3","1","1","1","2","2","2","2","1","1","1","2"
"3556","3","1","1","1","3","2","2","2","1","2","1","2"
"3557","2","1","1","1","1","1","2","1","1","1","1","2"
"3558","3","1","1","1","2","1","2","1","1","1","1","2"
"3559","3","1","1","1","3","1","1","2","1","1","1","2"
"3560","3","1","2","1","3","1","2","2","1","1","1","2"
"3561","2","1","1","1","2","2","1","2","1","1","1","2"
"3562","3","1","1","1","2","2","2","2","2","2","2","2"
"3563","1","1","1","1","2","1","2","1","1","1","1","2"
"3564","3","1","1","1","3","1","1","1","1","1","1","2"
"3565","2","1","1","1","3","1","2","1","1","1","1","2"
"3566","3","1","1","1","2","2","2","2","1","1","1","2"
"3567","1","1","1","1","2","1","2","2","1","1","1","2"
"3568","3","1","1","1","3","1","2","1","1","1","1","2"
"3569","3","1","1","1","3","1","2","1","1","1","1","2"
"3570","1","1","1","1","2","1","1","1","1","2","1","2"
"3571","2","1","1","1","1","2","1","2","1","1","1","2"
"3572","3","1","1","1","2","1","2","1","1","1","1","2"
"3573","3","1","1","1","3","2","2","2","1","1","1","2"
"3574","3","1","1","1","2","2","2","2","2","1","1","2"
"3575","1","1","1","1","2","1","1","2","1","1","2","2"
"3576","2","1","1","1","2","1","2","1","1","1","1","2"
"3577","3","1","1","1","2","1","1","1","1","1","1","2"
"3578","2","1","1","1","2","1","2","3","1","1","1","2"
"3579","2","1","1","1","2","2","2","2","1","1","1","2"
"3580","3","1","1","1","2","2","2","2","1","1","1","2"
"3581","2","1","1","1","3","1","1","1","1","1","1","2"
"3582","2","1","1","1","3","2","2","2","1","1","1","2"
"3583","3","1","2","1","2","1","1","2","1","1","1","2"
"3584","3","1","1","1","2","2","2","2","1","1","1","2"
"3585","3","1","1","1","3","1","1","1","1","1","1","2"
"3586","3","1","1","1","2","2","2","2","1","1","2","2"
"3587","3","1","1","1","2","1","1","1","1","1","1","2"
"3588","3","1","1","1","3","1","2","2","1","1","1","2"
"3589","3","1","1","1","3","1","2","1","1","1","1","2"
"3590","3","1","2","1","2","1","1","1","1","1","1","2"
"3591","3","1","1","1","1","1","2","1","1","1","1","2"
"3592","1","1","2","1","3","2","2","2","1","1","1","2"
"3593","3","1","1","1","2","1","1","1","1","1","1","2"
"3594","3","1","2","1","3","1","1","1","1","1","1","2"
"3595","3","1","1","1","1","2","2","2","2","2","1","2"
"3596","2","1","1","1","3","1","2","2","1","1","1","2"
"3597","3","1","1","1","1","1","2","2","1","1","1","2"
"3598","3","1","1","1","2","2","2","2","1","1","1","2"
"3599","3","1","1","1","3","1","2","1","1","1","1","2"
"3600","3","1","1","1","3","1","2","1","1","1","1","2"
